Category,Question,Answer
Greetings and General Queries,Hi,Hello! How can I assist you today?
Greetings and General Queries,Hello,Hi there! What can I help you with?
Greetings and General Queries,Good morning,Good morning! How can I assist you?
Greetings and General Queries,Good afternoon,Good afternoon! What can I do for you today?
Greetings and General Queries,Good evening,Good evening! How can I help you?
Greetings and General Queries,How are you?,"I'm just a chatbot, but I'm here to help! How can I assist you today?"
Greetings and General Queries,What's up?,I'm here to assist you with any questions or information you need. How can I help?
General Information,What is ChimpVine?,ChimpVine is an educational platform offering gamified learning experiences for children in PreK through Grade 5.
General Information,How does ChimpVine work?,"ChimpVine uses interactive games, videos, and quizzes to make learning fun and engaging for young learners."
General Information,What age groups does ChimpVine cater to?,ChimpVine caters to children from PreK to Grade 5.
General Information,What subjects does ChimpVine cover?,"ChimpVine covers subjects like Math and English, with plans to add more subjects in the future."
General Information,Is ChimpVine available in my country?,ChimpVine is accessible globally through its online platform.
Educational Content,What types of games and activities are available on ChimpVine?,"ChimpVine offers educational video games, interactive content, articles, and quizzes."
Educational Content,How can ChimpVine help my child learn?,"ChimpVine makes learning engaging through gamification, helping children understand and retain educational concepts better."
Educational Content,Are the educational materials aligned with any specific curriculum?,ChimpVineâ€™s content is designed to complement standard educational curricula and align with various learning standards.
Educational Content,Can I preview some of the content?,"Yes, ChimpVine offers previews of its content so you can explore the learning materials available."
User Accounts and Subscriptions,How do I sign up for ChimpVine?,You can sign up for ChimpVine by visiting our website and creating an account.
User Accounts and Subscriptions,Is there a free trial for ChimpVine?,"Yes, ChimpVine offers a free trial so you can experience the platform before subscribing."
User Accounts and Subscriptions,How much does a subscription to ChimpVine cost?,Subscription costs vary; please visit our pricing page for detailed information.
User Accounts and Subscriptions,How can I manage my subscription?,You can manage your subscription through your account settings on the ChimpVine website.
User Accounts and Subscriptions,How do I cancel my ChimpVine subscription?,You can cancel your subscription by going to your account settings and selecting the cancellation option.
Technical Support,I'm having trouble logging in to ChimpVine. What should I do?,Please try resetting your password or contact our support team for assistance.
Technical Support,How do I reset my password?,You can reset your password by clicking the 'Forgot Password' link on the login page and following the instructions.
Technical Support,Why isn't the game loading?,"Ensure your internet connection is stable and try refreshing the page. If the issue persists, contact support."
Technical Support,How do I report a technical issue?,You can report technical issues through the support section on our website or by contacting customer service.
Educational Impact and Research,How effective is ChimpVine in improving educational outcomes?,"ChimpVine uses gamification to enhance learning, which has been shown to improve engagement and retention in educational studies."
Educational Impact and Research,Are there any studies or research supporting ChimpVine's methods?,"Yes, our methods are backed by research in educational psychology and gamification."
Educational Impact and Research,Can ChimpVine be used for homeschooling?,"Absolutely, ChimpVine is a great tool for homeschooling, offering structured and engaging learning activities."
