Question,Answer,Link
"How do I login?
Can you help me login?
I need to log in to my account.
What is the process to login?
How can I access my account?
I want to sign into my account.
Please guide me on how to log in.
How do I sign in?
Where can I find the login page?
Help me with logging into my account.
How do I get started with logging in?
I'm trying to login but don't know how.
What do I need to do to login?
Can you show me how to signin?","To log in, follow these steps:
Go to the login page: <a href=""https://site.chimpvine.com/login/?redirect_to=https%3A%2F%2Fsite.chimpvine.com%2F"">Click here</a>
Enter your username or email address.
Enter your password.
Click the ""Login"" button",https://site.chimpvine.com/login/?redirect_to=https%3A%2F%2Fsite.chimpvine.com%2F
"I can't remember my login details. What should I do next?
I've forgotten my username and password. How can I recover them?
What steps should I take if I forgot my login information?
I don't recall my login credentials. What's the procedure to reset them?
Help! I've lost my login details. What should I do?
I'm unable to remember my login credentials. What are my options?
I forgot my password and username. What's the next step?
What should I do if I can't access my account because I forgot my login info?
I need help recovering my forgotten login credentials. What should I do?
How can I get my login details back if I've forgotten them?
How do I reset my password if I forgot it?
What do I do if I forgot my password and can't log in?
Can I recover my password if I forgot it?
How do I get a new password if I forgot my old one?
What's the process for resetting a forgotten password?
Is there a way to retrieve my password if I forgot it?
How long does it take to reset a forgotten password?
Will I be able to access my account again if I forgot my password?
Can I reset my password if I don't remember my old one?","If you forgot your login credentials, follow these steps:
Go to the password reset page: h<a href=""https://site.chimpvine.com/login/?action=forgot_password"">Click here</a>
Enter your email address or username.
Click the ""Reset Password"" button.
Check your email for a password reset link (check spam too!)
Click on the link in the email to reset your password.
Update your password and log in with your new credentials.",https://site.chimpvine.com/login/?action=forgot_password
"How do I sign up?
I want to create a new account.
What's the process to register?
Can you help me sign up?
How can I create a new account?
Where do I go to register?
I need to register for an account.
Please guide me on how to sign up.
How do I get started with registration?
I'm trying to signup but don't know how.
What steps do I need to follow to register?
Can you show me how to create a new account?
I want to join, how do I sign up?
How can I set up a new account?
What do I need to do to register?
","To register for an account, follow these steps:
Go to the registration page: <a href=""https://site.chimpvine.com/register/chimpvine-membership/"">Click here</a>
Enter your name, email, and create a strong password.
Confirm your password.
Enter your card details (number, expiry, CVC).
Enter coupon code if you have one.
Select your country.
Agree to our Privacy Policy.
Click ""Submit"" to start your ChimpVine journey!",https://site.chimpvine.com/register/chimpvine-membership/
"Where can I find flashcards to help me study?
How do I access the flashcard section of the website?
What kind of flashcards do you offer?
Can you show me flashcards for [specific topic]?
I'm looking for a way to memorize key terms, do you have flashcards?
Where are the flashcards located on the site?
Can you direct me to flashcards for [specific subject]?
How do I use the flashcards on this website?
What flashcard decks do you have available for [specific course/topic]?","Dive into our library of flashcards here: <a href=""https://site.chimpvine.com/category/flashcards/"">Click here</a>, carefully organized by category and level to help you master any subject! Browse through our extensive collection to find the perfect flashcards that match your learning style and goals.",https://site.chimpvine.com/category/flashcards/
"Where can I find games to play and learn?
How do I access the game section of the website?
What kind of educational games do you offer?
Can you show me a game to help me learn [specific topic]?
I'm looking for a fun way to learn, do you have any games?
Where are the interactive games located on the site?
Can you direct me to a game that's related to [specific subject]?
How do I play games on this website?
What games do you have available for [specific age group/grade level]?
I want to play a game to reinforce my learning, where can I find one?","Explore our collection of educational games here: <a href=""https://site.chimpvine.com/category/games/"">Click here</a>, carefully curated to make learning an enjoyable experience for you! Browse through our games by level and subject to find the perfect fit for your interests and needs.",https://site.chimpvine.com/category/games/
"Where can I find interactive simulations?
How do I access interactive learning tools?
What interactive content do you have available?
Can you show me some interactive activities?
Where is the interactive section of the website?
I'm looking for interactive content, can you help me?
How do I get to the interactive part of the site?
What kind of interactive features do you offer?
Can you direct me to the interactive learning area?
I want to try some interactive exercises, where can I find them?","Explore our engaging interactive content here: <a href=""https://site.chimpvine.com/category/interactive-content/"">Click here</a>, designed to bring learning to life! Browse by subject and level to find the perfect interactive experience that suits your learning style.",https://site.chimpvine.com/category/interactive-content/
"Where are the quizzes located on the website?
How do I take a quiz on this topic?
Can you show me a quiz to test my knowledge?
Where can I find quizzes on [specific subject]?
I'm looking for a quiz to assess my understanding, can you help?
How do I access the quiz section of the website?
What kind of quizzes do you offer?
Can you direct me to a quiz on [specific topic]?
I want to take a quiz to see how much I've learned, where can I find one?
Are there any quizzes available to help me practice?","Challenge yourself with our extensive library of quizzes: <a href=""https://site.chimpvine.com/category/quiz/"">Click here</a>, covering a wide range of subjects and levels! Take the first step towards mastering your subject – start quizzing now!",https://site.chimpvine.com/category/quiz/
Hi,Hello! How can I assist you today?,
Hello,Hi there! What can I help you with?,
Good morning,Good morning! How can I assist you?,
Good afternoon,Good afternoon! What can I do for you today?,
Good evening,Good evening! How can I help you?,
How are you?,"I'm just a chatbot, but I'm here to help! How can I assist you today?",
What's up?,I'm here to assist you with any questions or information you need. How can I help?,
What is ChimpVine?,ChimpVine is an educational platform offering gamified learning experiences for children in PreK through Grade 5.,
How does ChimpVine work?,"ChimpVine uses interactive games, videos, and quizzes to make learning fun and engaging for young learners.",
What age groups does ChimpVine cater to?,ChimpVine caters to children from PreK to Grade 5.,
What subjects does ChimpVine cover?,"ChimpVine covers subjects like Math and English, with plans to add more subjects in the future.",
Is ChimpVine available in my country?,ChimpVine is accessible globally through its online platform.,
What types of games and activities are available on ChimpVine?,"ChimpVine offers educational video games, interactive content, articles, and quizzes.",
How can ChimpVine help my child learn?,"ChimpVine makes learning engaging through gamification, helping children understand and retain educational concepts better.",
Are the educational materials aligned with any specific curriculum?,ChimpVine's content is designed to complement standard educational curricula and align with various learning standards.,
Can I preview some of the content?,"Yes, ChimpVine offers previews of its content so you can explore the learning materials available. Check it out here: https://site.chimpvine.com/?s=",
Is there a free trial for ChimpVine?,"Yes, ChimpVine offers a free trial so you can experience the platform before subscribing.",
How much does a subscription to ChimpVine cost?,Subscription costs vary; please visit our pricing page for detailed information.,
How can I manage my subscription?,You can manage your subscription through your account settings on the ChimpVine website.,
How do I cancel my ChimpVine subscription?,You can cancel your subscription by going to your account settings and selecting the cancellation option.,
Why isn't the game loading?,"Ensure your internet connection is stable and try refreshing the page. If the issue persists, contact support.",
How do I report a technical issue?,You can report technical issues through the support section on our website or by contacting customer service.,
How effective is ChimpVine in improving educational outcomes?,"ChimpVine uses gamification to enhance learning, which has been shown to improve engagement and retention in educational studies.",
Are there any studies or research supporting ChimpVine's methods?,"Yes, our methods are backed by research in educational psychology and gamification.",
Can ChimpVine be used for homeschooling?,"Absolutely, ChimpVine is a great tool for homeschooling, offering structured and engaging learning activities.",
